0,San Francisco Giants|Chicago Cubs|Chicago White Sox|Boston Red Sox|Seattle Mariners|Seattle Mariners|New York Yankees|New York Mets|Atlanta Braves,2004|2006|2007|2008|2009|2010|2012|2013|2015
1,Milwaukee Braves|Milwaukee Braves|Milwaukee Braves|Milwaukee Braves|Milwaukee Braves|Milwaukee Braves|Milwaukee Braves|Milwaukee Braves|Milwaukee Braves|Milwaukee Braves|Milwaukee Braves|Milwaukee Braves|Atlanta Braves|Atlanta Braves|Atlanta Braves|Atlanta Braves|Atlanta Braves|Atlanta Braves|Atlanta Braves|Atlanta Braves|Atlanta Braves|Milwaukee Brewers|Milwaukee Brewers,1954|1955|1956|1957|1958|1959|1960|1961|1962|1963|1964|1965|1966|1967|1968|1969|1970|1971|1972|1973|1974|1975|1976
2,Milwaukee Braves|Milwaukee Braves|Milwaukee Braves|Atlanta Braves|Atlanta Braves|Atlanta Braves|Atlanta Braves,1962|1963|1965|1968|1969|1970|1971
3,Boston Red Sox|California Angels|California Angels|California Angels|California Angels|California Angels|California Angels|Baltimore Orioles|Baltimore Orioles|Baltimore Orioles|Baltimore Orioles|New York Mets|Los Angeles Dodgers,1977|1978|1979|1980|1981|1982|1984|1985|1986|1987|1988|1989|1990
4,Oakland Athletics|Boston Red Sox|Cincinnati Reds,2001|2003|2006
5,Houston Astros|Houston Astros|Houston Astros|Washington Nationals|Oakland Athletics|Oakland Athletics,2010|2011|2012|2013|2014|2015
6,Philadelphia Centennials|Brooklyn Atlantics,1875|1875
7,Philadelphia Phillies|Philadelphia Phillies|Boston Beaneaters|Boston Beaneaters|Boston Beaneaters|Pittsburgh Pirates|Pittsburgh Pirates|Pittsburgh Pirates|Pittsburgh Pirates|Boston Doves,1897|1898|1903|1904|1905|1907|1908|1909|1910|1910
8,Washington Senators|Chicago Colts|Chicago Colts|Chicago Colts|Brooklyn Grooms|Brooklyn Bridegrooms,1892|1893|1894|1895|1895|1896
9,Washington Senators|Washington Senators|Washington Senators|Washington Senators|Washington Senators,1893|1894|1895|1896|1897
10,Toledo Maumees,1890
11,Cleveland Naps|Cleveland Naps|Philadelphia Phillies,1903|1904|1905
12,Oakland Athletics|Oakland Athletics|Oakland Athletics|Oakland Athletics|Seattle Mariners|Seattle Mariners|Seattle Mariners|Seattle Mariners|Seattle Mariners|Seattle Mariners|Detroit Tigers|Detroit Tigers,1973|1974|1975|1976|1977|1978|1979|1980|1981|1983|1983|1984
13,Chicago White Sox|Chicago White Sox|Chicago White Sox|Chicago White Sox|Florida Marlins,1997|1998|1999|2000|2001
14,California Angels|California Angels|California Angels|California Angels|New York Yankees|New York Yankees|Chicago White Sox|California Angels|California Angels|Chicago White Sox|Milwaukee Brewers,1989|1990|1991|1992|1993|1994|1995|1995|1996|1998|1999
15,Oakland Athletics|Florida Marlins|Florida Marlins|Florida Marlins|Florida Marlins|Oakland Athletics|Colorado Rockies|Colorado Rockies|New York Mets|Atlanta Braves,1993|1994|1995|1996|1997|1998|1998|1999|2000|2001
16,California Angels|Philadelphia Phillies|Philadelphia Phillies|California Angels,1991|1992|1995|1996
17,St. Louis Cardinals,1910
18,Minnesota Twins|Minnesota Twins|Minnesota Twins|Cleveland Indians|Seattle Mariners|Seattle Mariners|Seattle Mariners|Seattle Mariners|Seattle Mariners|Kansas City Royals|Tampa Bay Devil Rays|Philadelphia Phillies,1990|1991|1992|1993|1998|1999|2000|2001|2002|2003|2004|2004
19,Cleveland Indians|Cleveland Indians|Detroit Tigers|Detroit Tigers|Detroit Tigers|Detroit Tigers|Detroit Tigers|Kansas City Athletics,1950|1953|1953|1954|1955|1956|1957|1957
20,Troy Haymakers,1871
21,Florida Marlins|Florida Marlins|Houston Astros,2006|2007|2008
22,Cleveland Indians,1952
23,Tampa Bay Devil Rays|Tampa Bay Devil Rays|Tampa Bay Devil Rays|Kansas City Royals|Minnesota Twins,2001|2002|2003|2003|2005
24,Philadelphia Athletics|Philadelphia Athletics|Philadelphia Athletics,1942|1943|1944
25,Washington Senators|Washington Senators|Washington Senators|Washington Senators|Cleveland Indians|Cleveland Indians|Chicago Cubs|Chicago Cubs|Atlanta Braves|Cincinnati Reds|Cincinnati Reds|Chicago Cubs|Chicago Cubs|St. Louis Cardinals|Kansas City Royals|Kansas City Royals|Kansas City Royals,1955|1956|1957|1960|1963|1964|1965|1966|1966|1967|1968|1969|1970|1970|1970|1971|1972
26,New York Giants|New York Giants,1946|1947
27,Chicago Cubs|Chicago Cubs|Chicago Cubs,1947|1948|1949
28,St. Louis Browns|Cleveland Naps|New York Highlanders,1905|1909|1911
29,San Diego Padres|San Diego Padres|San Diego Padres|San Diego Padres|San Diego Padres|California Angels|Chicago White Sox,1987|1988|1989|1990|1991|1991|1992
30,Brooklyn Dodgers|Brooklyn Dodgers|Brooklyn Dodgers|Brooklyn Dodgers|Cincinnati Reds|Pittsburgh Pirates|Pittsburgh Pirates|Baltimore Orioles|Baltimore Orioles|Chicago White Sox,1949|1950|1951|1952|1952|1953|1954|1954|1955|1956
31,Cincinnati Reds,1923
32,Chicago Cubs,1985
33,Houston Astros|Houston Astros|Philadelphia Phillies|Philadelphia Phillies|Philadelphia Phillies|Philadelphia Phillies|Philadelphia Phillies|Philadelphia Phillies|Philadelphia Phillies|Philadelphia Phillies|Philadelphia Phillies|New York Yankees|New York Yankees|New York Yankees|Los Angeles Angels of Anaheim|Los Angeles Angels of Anaheim|Los Angeles Angels of Anaheim|Los Angeles Angels of Anaheim|Los Angeles Dodgers|New York Mets,1996|1997|1998|1999|2000|2001|2002|2003|2004|2005|2006|2006|2007|2008|2009|2010|2011|2012|2012|2014
34,Cincinnati Reds,1942
35,Chicago White Sox|Chicago White Sox,2014|2015
36,Houston Astros,2011
37,Los Angeles Dodgers|Los Angeles Dodgers|Arizona Diamondbacks|Kansas City Royals|San Francisco Giants|San Francisco Giants,2007|2009|2010|2012|2013|2014
38,Baltimore Orioles|Washington Nationals|Tampa Bay Rays|Cleveland Indians,2006|2007|2009|2009
39,Pittsburgh Pirates|Pittsburgh Pirates|St. Louis Browns,1906|1909|1910
40,San Francisco Giants|San Francisco Giants|Toronto Blue Jays|Toronto Blue Jays|Toronto Blue Jays|Toronto Blue Jays|Toronto Blue Jays|Baltimore Orioles|Cleveland Indians|Oakland Athletics,2005|2006|2006|2007|2008|2009|2010|2011|2012|2012
41,Cincinnati Reds|Cincinnati Reds|Cincinnati Reds|Cincinnati Reds|Colorado Rockies,2001|2002|2003|2004|2005
42,Colorado Rockies|New York Mets|St. Louis Cardinals|St. Louis Cardinals|Milwaukee Brewers|Colorado Rockies|Florida Marlins|Detroit Tigers|New York Yankees|Toronto Blue Jays,1995|1997|1998|1999|2000|2001|2001|2002|2003|2003
43,New York Yankees|New York Yankees|New York Yankees|Boston Red Sox|Boston Red Sox|Boston Red Sox|New York Yankees,2008|2009|2010|2011|2012|2013|2014
44,Minnesota Twins|Minnesota Twins,2014|2015
45,Toronto Blue Jays|Toronto Blue Jays|Toronto Blue Jays|Toronto Blue Jays|Atlanta Braves|Atlanta Braves|Atlanta Braves|Atlanta Braves|Toronto Blue Jays|Toronto Blue Jays|Toronto Blue Jays|Seattle Mariners,1983|1984|1985|1986|1986|1987|1988|1989|1989|1990|1991|1992
46,Cincinnati Redlegs|Cincinnati Redlegs|Cincinnati Redlegs|Cincinnati Redlegs,1956|1957|1958|1959
47,Seattle Mariners|Seattle Mariners|Seattle Mariners|Seattle Mariners|Seattle Mariners|New York Yankees,2011|2012|2013|2014|2015|2015
48,Chicago White Sox|Chicago White Sox,1963|1964
49,Chicago White Sox|Chicago White Sox|Chicago White Sox|Philadelphia Phillies,1972|1973|1974|1975
50,Pittsburgh Pirates|San Diego Padres|San Diego Padres,1970|1971|1972
51,Washington Senators|Washington Senators|Chicago White Sox,1920|1921|1922
52,Atlanta Braves|Atlanta Braves|Atlanta Braves|New York Mets|New York Mets|New York Mets,2007|2008|2009|2010|2011|2012
53,Washington Senators|Washington Senators|Washington Senators|Washington Senators|Washington Senators|Philadelphia Athletics,1913|1914|1915|1916|1918|1918
54,Oakland Athletics|Oakland Athletics|Oakland Athletics|Oakland Athletics,1994|1995|1996|1997
55,Baltimore Orioles|Baltimore Orioles|Baltimore Orioles|Baltimore Orioles|Baltimore Orioles|Baltimore Orioles|Baltimore Orioles|Baltimore Orioles|Baltimore Orioles|Chicago White Sox|Chicago White Sox|Boston Red Sox|Boston Red Sox|Kansas City Royals|Kansas City Royals,1958|1959|1960|1961|1962|1963|1964|1965|1966|1966|1967|1967|1968|1969|1970
56,Chicago Cubs,1931
57,Colorado Rockies|Colorado Rockies,2014|2015
58,New York Giants|New York Giants|New York Giants|New York Giants|New York Giants|New York Giants,1941|1942|1943|1944|1945|1946
59,Cleveland Indians|Cleveland Indians,2014|2015
60,St. Louis Cardinals|Pittsburgh Pirates|Pittsburgh Pirates|Pittsburgh Pirates|Pittsburgh Pirates|Pittsburgh Pirates|Pittsburgh Pirates|Pittsburgh Pirates|Pittsburgh Pirates|Pittsburgh Pirates|Pittsburgh Pirates|Pittsburgh Pirates|Pittsburgh Pirates|Pittsburgh Pirates|Pittsburgh Pirates|Pittsburgh Pirates|Pittsburgh Pirates|Pittsburgh Pirates|Pittsburgh Pirates,1906|1907|1909|1910|1911|1912|1913|1914|1915|1916|1918|1919|1920|1921|1922|1923|1924|1925|1926
61,Cleveland Naps|Cleveland Naps|Cleveland Naps|Philadelphia Phillies|Philadelphia Phillies|Philadelphia Phillies|Philadelphia Phillies|Philadelphia Phillies,1910|1911|1912|1915|1916|1917|1918|1919
62,Boston Red Sox,1925
63,Philadelphia Phillies|Philadelphia Phillies,1931|1932
64,Detroit Tigers,1977
65,Cincinnati Reds|Cincinnati Reds|Cincinnati Reds|Cincinnati Reds|Cincinnati Reds|Cincinnati Reds|Cincinnati Reds|Cincinnati Reds|Cincinnati Redlegs|Cincinnati Redlegs|Chicago White Sox|Baltimore Orioles|Chicago Cubs|Chicago Cubs|Chicago Cubs,1946|1947|1948|1949|1950|1951|1952|1953|1954|1955|1955|1956|1957|1958|1959
66,St. Louis Cardinals|St. Louis Cardinals|Philadelphia Phillies|Philadelphia Phillies|Philadelphia Phillies|St. Louis Cardinals|St. Louis Cardinals|Philadelphia Phillies,1939|1943|1943|1944|1945|1945|1946|1947
67,Kansas City Packers|Kansas City Packers,1914|1915
68,New York Yankees,2013
69,Philadelphia Athletics,1947
70,Chicago White Sox,1969
71,Syracuse Stars,1879
72,San Francisco Giants|San Francisco Giants|Minnesota Twins|Minnesota Twins|Minnesota Twins|Minnesota Twins|Minnesota Twins|Toronto Blue Jays,1975|1976|1977|1978|1979|1980|1981|1982
73,Chicago White Sox|Chicago White Sox|Chicago White Sox,1948|1949|1950
74,St. Louis Browns,1890
75,St. Louis Cardinals,1902
76,Cincinnati Reds|Chicago Cubs,1914|1915
77,Kansas City Royals,2014
78,St. Louis Cardinals|St. Louis Cardinals|St. Louis Cardinals|St. Louis Cardinals,2012|2013|2014|2015
79,Minnesota Twins|Minnesota Twins|Chicago Cubs|Chicago Cubs|Oakland Athletics,1972|1973|1976|1977|1978
80,Milwaukee Brewers|Milwaukee Brewers|Milwaukee Brewers|San Diego Padres|San Diego Padres|San Diego Padres|San Diego Padres|Texas Rangers|Texas Rangers|Philadelphia Phillies|Philadelphia Phillies,2004|2005|2006|2008|2009|2010|2011|2011|2012|2013|2014
81,Chicago Cubs,1946
82,Washington Senators,1905
83,California Angels|California Angels|San Francisco Giants,1982|1983|1985
84,Toronto Blue Jays|Toronto Blue Jays|Toronto Blue Jays|Toronto Blue Jays|Toronto Blue Jays,2004|2005|2006|2007|2009
85,Baltimore Orioles,2011
86,Chicago Cubs|Chicago Cubs|Chicago Cubs|Chicago Cubs|Chicago Cubs|Chicago Cubs|Pittsburgh Pirates|Pittsburgh Pirates|St. Louis Cardinals|St. Louis Cardinals|St. Louis Cardinals|St. Louis Cardinals|Cincinnati Reds|Cincinnati Reds,1922|1923|1924|1925|1926|1927|1928|1929|1930|1931|1932|1933|1933|1934
87,Pittsburgh Pirates|Washington Senators|New York Yankees|St. Louis Browns,1923|1925|1926|1927
88,Chicago Cubs|Chicago Cubs|Chicago Cubs|Chicago Cubs|Chicago Cubs|Los Angeles Dodgers|Los Angeles Dodgers|Philadelphia Phillies|Philadelphia Phillies|Toronto Blue Jays|Boston Red Sox|Philadelphia Phillies,1995|1996|1997|1998|1999|2000|2001|2002|2003|2004|2004|2005
89,St. Louis Browns|St. Louis Browns|Pittsburgh Rebels|Philadelphia Athletics|Philadelphia Athletics,1912|1913|1914|1918|1919
90,Oakland Athletics|Oakland Athletics,1996|1997
91,Florida Marlins|Milwaukee Brewers|Arizona Diamondbacks,1996|1997|1998
92,Baltimore Orioles|Baltimore Orioles|Baltimore Orioles,1967|1968|1969
93,Cincinnati Reds|Cincinnati Reds|Cincinnati Reds|Milwaukee Braves|Milwaukee Braves|Milwaukee Braves|Milwaukee Braves|Milwaukee Braves|Milwaukee Braves|Milwaukee Braves|Milwaukee Braves|Milwaukee Braves|Milwaukee Braves|Cleveland Indians|Los Angeles Angels|California Angels|California Angels,1950|1951|1952|1953|1954|1955|1956|1957|1958|1959|1960|1961|1962|1963|1964|1965|1966
94,Kansas City Royals|Kansas City Royals|Texas Rangers|Cincinnati Reds,2011|2012|2014|2015
95,Boston Braves|Boston Braves|Chicago Cubs|Chicago Cubs|Pittsburgh Pirates,1950|1951|1952|1953|1953
96,St. Louis Cardinals|Milwaukee Brewers|Milwaukee Brewers|Philadelphia Phillies,1983|1986|1988|1989
97,Texas Rangers|Texas Rangers,2013|2014
98,Rockford Forest Citys|Philadelphia Whites|Boston Red Stockings|Hartford Dark Blues|Philadelphia Whites|Chicago White Stockings|Cincinnati Reds,1871|1873|1873|1874|1875|1876|1877
99,Los Angeles Angels of Anaheim|Los Angeles Angels of Anaheim,2008|2009
100,Washington Senators|Washington Senators|Washington Senators|Brooklyn Dodgers|Brooklyn Dodgers|Boston Braves,1939|1940|1941|1944|1945|1945
101,Washington Senators|Washington Senators|Chicago Cubs,1942|1943|1949
102,Philadelphia Athletics,1942
103,Boston Americans|New York Highlanders,1902|1903
104,Chicago White Sox|Chicago White Sox,1928|1929
105,Chicago White Sox|Chicago White Sox|Chicago White Sox|San Diego Padres|New York Mets|Cincinnati Reds,2003|2004|2005|2006|2007|2008
106,New York Yankees,1990
107,Houston Colt .45's|Houston Colt .45's|Houston Astros|Houston Astros|Houston Astros|Houston Astros,1963|1964|1965|1966|1967|1968
108,San Francisco Giants|San Francisco Giants|San Francisco Giants,2013|2014|2015
109,Houston Astros|Oakland Athletics|Oakland Athletics|Cincinnati Reds,1987|1990|1991|1992
110,Kansas City Royals|Kansas City Royals|Kansas City Royals|Kansas City Royals|Kansas City Royals|Colorado Rockies|Colorado Rockies|Cincinnati Reds|San Francisco Giants|San Francisco Giants|San Francisco Giants|San Francisco Giants|San Francisco Giants|San Francisco Giants|San Francisco Giants,2002|2003|2004|2005|2006|2006|2007|2008|2009|2010|2011|2012|2013|2014|2015
111,New York Mets|New York Mets|New York Mets|New York Mets|Colorado Rockies|Boston Red Sox,1998|1999|2000|2001|2002|2002
112,Cleveland Indians|Cleveland Indians|Cleveland Indians|Chicago White Sox|Chicago White Sox|Chicago White Sox|New York Mets|New York Mets|New York Mets|New York Mets|New York Mets|Houston Astros|St. Louis Cardinals,1962|1963|1964|1965|1966|1967|1968|1969|1970|1971|1972|1973|1973
113,Boston Red Sox|Boston Red Sox,1954|1955
114,Washington Senators|Buffalo Buffeds|Buffalo Blues|Baltimore Terrapins,1912|1914|1915|1915
115,St. Louis Browns|St. Louis Browns|St. Louis Browns|Boston Red Sox|Boston Red Sox|Boston Red Sox|Washington Senators,1913|1914|1915|1916|1917|1918|1919
116,Chicago White Sox|Chicago White Sox|Chicago White Sox|Chicago White Sox|Chicago White Sox|Chicago White Sox|Minnesota Twins|Houston Astros|Houston Astros|Houston Astros|Houston Astros|St. Louis Cardinals|St. Louis Cardinals|Seattle Mariners|Houston Astros,1981|1982|1983|1984|1985|1986|1986|1987|1988|1989|1990|1991|1992|1992|1993
117,Philadelphia Phillies|Philadelphia Phillies|Philadelphia Phillies|Philadelphia Phillies|Philadelphia Phillies|Philadelphia Phillies|Philadelphia Phillies|Philadelphia Phillies|Philadelphia Phillies|New York Yankees|Cleveland Indians,1980|1981|1982|1983|1984|1985|1986|1987|1988|1988|1989
118,Florida Marlins|Florida Marlins|Florida Marlins|New York Mets,2004|2005|2006|2008
119,Cleveland Indians|Cleveland Indians,2014|2015
120,New York Mets|New York Mets|New York Mets|New York Mets|New York Mets|Minnesota Twins|Minnesota Twins|Minnesota Twins|Minnesota Twins|Minnesota Twins|Minnesota Twins|Minnesota Twins|Boston Red Sox|Minnesota Twins|Minnesota Twins|Minnesota Twins|Minnesota Twins|Chicago Cubs|Chicago Cubs,1985|1986|1987|1988|1989|1989|1990|1991|1992|1993|1994|1995|1995|1996|1997|1998|1999|1999|2000
121,Cleveland Indians|Cleveland Indians|Cleveland Indians|Detroit Tigers|Detroit Tigers|Detroit Tigers|Detroit Tigers|Detroit Tigers|Detroit Tigers|Detroit Tigers|Detroit Tigers|Detroit Tigers|Detroit Tigers|Los Angeles Dodgers|Chicago Cubs|Chicago Cubs,1955|1956|1957|1958|1959|1960|1961|1962|1963|1964|1965|1966|1967|1968|1969|1970
122,Troy Trojans,1880
123,Detroit Tigers,1995
124,Arizona Diamondbacks|Arizona Diamondbacks,2014|2015
125,California Angels|California Angels|Kansas City Royals|Kansas City Royals|Kansas City Royals|Kansas City Royals|Toronto Blue Jays|Toronto Blue Jays,1977|1979|1980|1981|1982|1983|1984|1985
126,Toronto Blue Jays|Toronto Blue Jays|Toronto Blue Jays,1979|1980|1981
127,Washington Senators|Washington Senators|Washington Senators|Washington Senators|Washington Senators|Washington Senators|Washington Senators|Washington Senators|Washington Senators|Detroit Tigers|Detroit Tigers|Detroit Tigers|St. Louis Cardinals|St. Louis Cardinals|St. Louis Cardinals|Brooklyn Robins|New York Giants,1910|1911|1912|1913|1914|1915|1916|1917|1918|1919|1920|1921|1921|1922|1923|1923|1924
128,San Francisco Giants|San Francisco Giants|San Francisco Giants|Baltimore Orioles|Baltimore Orioles,2001|2002|2003|2003|2004
129,Brooklyn Dodgers|Brooklyn Robins|Brooklyn Robins,1911|1914|1915
130,St. Louis Browns,1912
131,Baltimore Orioles,1884
132,Kansas City Athletics|Kansas City Athletics|Kansas City Athletics|Kansas City Athletics|Oakland Athletics|Seattle Pilots|New York Yankees|New York Yankees|New York Yankees|New York Yankees|Chicago Cubs|Chicago Cubs|Atlanta Braves|New York Mets,1964|1965|1966|1967|1968|1969|1969|1970|1971|1972|1972|1973|1974|1974
133,Oakland Athletics|Cleveland Indians|Texas Rangers|Philadelphia Phillies|Philadelphia Phillies,1986|1987|1989|1990|1991
134,Detroit Tigers|Detroit Tigers|Detroit Tigers|Boston Braves,1929|1930|1931|1932
135,Washington Senators,1912
136,St. Louis Cardinals,1988
137,Washington Nationals|New York Yankees|New York Yankees|New York Yankees|Arizona Diamondbacks,2007|2008|2009|2010|2012
138,Washington Senators,1958
139,Texas Rangers|Texas Rangers|Texas Rangers,1995|1996|1997
140,Minnesota Twins|Toronto Blue Jays,2013|2015
141,Houston Astros|Houston Astros|Baltimore Orioles|Baltimore Orioles|Baltimore Orioles|Boston Red Sox|Boston Red Sox|Arizona Diamondbacks|Cleveland Indians|Houston Astros|Chicago White Sox,2006|2007|2008|2009|2010|2011|2012|2012|2013|2014|2015
142,Texas Rangers,2015
143,Toronto Blue Jays,1978
144,St. Louis Cardinals,1910
145,Pittsburgh Alleghenys|Washington Nationals|Cleveland Blues|Milwaukee Brewers,1884|1884|1888|1891
146,Brooklyn Dodgers|Pittsburgh Pirates,1941|1946
147,St. Louis Browns|St. Louis Browns,1949|1950
148,Philadelphia Phillies,1947
149,Detroit Tigers|Detroit Tigers|Detroit Tigers|Detroit Tigers|Detroit Tigers,2011|2012|2013|2014|2015
150,Minnesota Twins|Minnesota Twins|Minnesota Twins|Minnesota Twins,1973|1974|1975|1976
151,Cincinnati Reds|Cincinnati Reds|Montreal Expos,1976|1977|1977
152,Chicago Cubs|Chicago Cubs,2014|2015
153,Boston Red Sox|Boston Red Sox|Milwaukee Brewers,2000|2001|2002
154,Los Angeles Dodgers|Los Angeles Dodgers|Kansas City Royals|Kansas City Royals,1967|1968|1969|1970
155,Chicago White Sox,1914
156,Chicago Cubs|Chicago Cubs,1943|1944
157,Detroit Tigers|Detroit Tigers|Detroit Tigers|Colorado Rockies|Montreal Expos|Detroit Tigers|Minnesota Twins|Minnesota Twins|Tampa Bay Devil Rays|Tampa Bay Devil Rays|Philadelphia Phillies|Philadelphia Phillies,1990|1991|1992|1993|1993|1996|1996|1997|1998|1999|1999|2000
158,San Francisco Giants|San Francisco Giants|San Francisco Giants|Montreal Expos|Montreal Expos|San Diego Padres|Cleveland Indians|Oakland Athletics|Oakland Athletics|Oakland Athletics|California Angels|California Angels|New York Yankees,1986|1987|1988|1989|1990|1991|1991|1993|1994|1995|1995|1996|1996
159,Milwaukee Brewers|Milwaukee Brewers|Atlanta Braves|Baltimore Orioles,1987|1989|1989|1990
160,Atlanta Braves|Los Angeles Angels of Anaheim,2001|2010
161,Chicago Cubs|Chicago Cubs|Chicago Cubs|Chicago Cubs|Chicago Cubs|Pittsburgh Pirates|Pittsburgh Pirates|Pittsburgh Pirates|New York Giants,1917|1918|1922|1923|1924|1925|1926|1927|1928
162,Cincinnati Reds|Cincinnati Reds|Cincinnati Reds|Cincinnati Reds,1941|1942|1943|1944
163,Baltimore Orioles|Cleveland Indians,1955|1957
164,Detroit Tigers|Detroit Tigers|Detroit Tigers|Detroit Tigers|Boston Red Sox|Boston Red Sox,1929|1930|1931|1932|1932|1933
165,Los Angeles Dodgers|Baltimore Orioles|Baltimore Orioles|Baltimore Orioles|Baltimore Orioles|Baltimore Orioles|New York Yankees|Texas Rangers|Texas Rangers|Texas Rangers|Atlanta Braves|San Francisco Giants|New York Yankees|New York Yankees|Toronto Blue Jays|Toronto Blue Jays|Toronto Blue Jays|Toronto Blue Jays|Atlanta Braves|Atlanta Braves|Detroit Tigers|Detroit Tigers|Detroit Tigers,1971|1972|1973|1974|1975|1976|1976|1977|1978|1979|1980|1981|1982|1983|1983|1984|1985|1986|1986|1987|1987|1988|1989
166,San Francisco Giants|San Francisco Giants|San Francisco Giants|Oakland Athletics|Cleveland Indians|Cleveland Indians|Cleveland Indians|Pittsburgh Pirates,1975|1976|1977|1978|1978|1979|1980|1981
167,Texas Rangers|Texas Rangers|Texas Rangers,1990|1991|1992
168,Cleveland Indians,1937
169,Baltimore Orioles|Baltimore Orioles|Baltimore Orioles|Baltimore Orioles|New York Mets|Chicago Cubs|Chicago Cubs|Chicago Cubs|Boston Red Sox|Texas Rangers|San Diego Padres|San Diego Padres,1992|1993|1995|1996|1997|1997|1998|1999|2000|2004|2005|2006
170,Chicago Cubs|Chicago Cubs|Oakland Athletics|Oakland Athletics|Oakland Athletics|Pittsburgh Pirates|Pittsburgh Pirates|Pittsburgh Pirates|Pittsburgh Pirates,1973|1974|1975|1976|1977|1978|1979|1980|1981
171,Kansas City Cowboys|St. Louis Browns,1884|1884
172,Philadelphia Phillies|Philadelphia Phillies|Philadelphia Phillies|Philadelphia Phillies|Philadelphia Phillies|Philadelphia Phillies|Philadelphia Phillies|Chicago Cubs|Chicago Cubs|Chicago Cubs|Chicago Cubs|Chicago Cubs|Chicago Cubs|Chicago Cubs|Chicago Cubs|Chicago Cubs|St. Louis Cardinals|St. Louis Cardinals|St. Louis Cardinals|St. Louis Cardinals|Philadelphia Phillies,1911|1912|1913|1914|1915|1916|1917|1918|1919|1920|1921|1922|1923|1924|1925|1926|1926|1927|1928|1929|1930
173,Kansas City Royals,2015
174,St. Louis Browns|St. Louis Browns|St. Louis Browns|New York Yankees|New York Yankees|New York Yankees,1912|1913|1915|1915|1916|1917
175,Houston Astros,2004
176,Florida Marlins|Florida Marlins|Florida Marlins|Florida Marlins|Florida Marlins|Chicago Cubs|Chicago Cubs|Atlanta Braves|Florida Marlins|Texas Rangers|Philadelphia Phillies,1997|1998|1999|2000|2001|2002|2003|2004|2005|2006|2007
177,New York Mets|New York Mets|New York Mets|New York Mets|New York Mets|New York Mets|New York Mets|New York Mets|San Francisco Giants|San Francisco Giants|San Francisco Giants|Los Angeles Angels of Anaheim|Toronto Blue Jays,1995|1996|1997|1998|1999|2000|2001|2002|2003|2004|2005|2006|2006
178,San Francisco Giants|San Francisco Giants|San Francisco Giants|San Diego Padres|Seattle Mariners|Colorado Rockies,2006|2007|2008|2009|2010|2011
179,St. Louis Cardinals|St. Louis Cardinals|St. Louis Cardinals|St. Louis Cardinals|St. Louis Cardinals|Boston Red Sox|St. Louis Cardinals|Anaheim Angels|Texas Rangers|Texas Rangers|Texas Rangers|Kansas City Royals|Kansas City Royals,1988|1991|1992|1993|1994|1995|1996|1997|1998|1999|2000|2001|2002
180,Cleveland Indians|Cleveland Indians|Cleveland Indians|Cleveland Indians|Detroit Tigers|Milwaukee Brewers|San Francisco Giants|California Angels,1986|1987|1988|1989|1991|1992|1993|1995
181,Texas Rangers|Texas Rangers|Seattle Mariners,1979|1980|1981
182,Minnesota Twins|Minnesota Twins|Minnesota Twins|Minnesota Twins|Minnesota Twins|Washington Senators|Washington Senators|Washington Senators|Washington Senators|Washington Senators|New York Yankees|New York Yankees|Montreal Expos,1962|1963|1964|1965|1966|1967|1968|1969|1970|1971|1972|1973|1973
183,Philadelphia Phillies|Philadelphia Phillies|Philadelphia Phillies|Philadelphia Phillies|Philadelphia Phillies|Boston Beaneaters|Cincinnati Reds,1890|1891|1892|1893|1894|1897|1900
184,Philadelphia Athletics,1919
185,Philadelphia Phillies,1937
186,Cleveland Indians|Cleveland Indians|Cleveland Indians|Cleveland Indians|Cleveland Indians,1961|1962|1963|1966|1967
187,Arizona Diamondbacks|Arizona Diamondbacks|Arizona Diamondbacks|Oakland Athletics|Oakland Athletics|Tampa Bay Rays,2009|2010|2011|2011|2012|2012
188,Minnesota Twins|Minnesota Twins|Minnesota Twins|Cleveland Indians|Florida Marlins|Texas Rangers|Texas Rangers,1999|2000|2001|2002|2003|2004|2005
189,Cleveland Indians|Cleveland Indians|Cleveland Indians|Cleveland Indians,2012|2013|2014|2015
190,Philadelphia Phillies|Philadelphia Phillies|Philadelphia Phillies|Philadelphia Phillies|Philadelphia Phillies|Philadelphia Phillies|Philadelphia Phillies|St. Louis Cardinals|Los Angeles Dodgers|Chicago White Sox|Chicago White Sox|Chicago White Sox|Philadelphia Phillies|Philadelphia Phillies|Oakland Athletics,1963|1964|1965|1966|1967|1968|1969|1970|1971|1972|1973|1974|1975|1976|1977
191,San Diego Padres|Detroit Tigers,2000|2000
192,Cincinnati Reds|Cincinnati Reds|Cincinnati Reds|Cincinnati Reds|Cincinnati Reds|New York Giants|New York Giants|New York Giants|St. Louis Cardinals|Philadelphia Phillies|Philadelphia Phillies|Philadelphia Phillies|Chicago Cubs|St. Louis Browns|St. Louis Browns,1926|1927|1928|1929|1930|1930|1931|1932|1933|1934|1935|1936|1936|1937|1938
193,Brooklyn Dodgers|Brooklyn Superbas|Brooklyn Robins|Pittsburgh Rebels|Pittsburgh Rebels|Boston Braves|Boston Braves,1912|1913|1914|1914|1915|1916|1917
194,Middletown Mansfields,1872
195,Washington Senators|Washington Senators|Washington Senators|Washington Senators|Washington Senators|Milwaukee Brewers|Chicago White Sox|Chicago White Sox,1966|1967|1968|1969|1970|1970|1972|1973
196,Philadelphia Quakers,1884
197,Brooklyn Robins,1919
198,Syracuse Stars|Cleveland Blues,1879|1879
199,Seattle Mariners,1983
200,Baltimore Terrapins,1914
201,New York Yankees|New York Yankees|New York Yankees|New York Yankees|Cleveland Indians|Cleveland Indians|Cleveland Indians|Cleveland Indians|Cleveland Indians|St. Louis Browns|Brooklyn Dodgers|Brooklyn Dodgers|Brooklyn Dodgers|New York Giants|New York Giants,1932|1933|1934|1935|1936|1937|1938|1939|1940|1941|1941|1942|1943|1943|1944
202,Seattle Mariners|Seattle Mariners,1980|1981
203,California Angels|California Angels|California Angels|California Angels|California Angels|Texas Rangers|Texas Rangers|Chicago White Sox|Chicago White Sox,1969|1970|1971|1972|1973|1973|1974|1974|1975
204,Los Angeles Dodgers|Colorado Rockies,2002|2003
205,New York Gothams|Boston Beaneaters|Cleveland Blues|Kansas City Cowboys,1883|1886|1887|1888
206,New York Mets|New York Mets|New York Mets|New York Mets|New York Mets|St. Louis Cardinals|St. Louis Cardinals|St. Louis Cardinals|New York Yankees|Chicago White Sox|Chicago White Sox|New York Yankees|New York Yankees|Cleveland Indians,1979|1980|1981|1982|1983|1983|1984|1985|1985|1986|1987|1987|1988|1989
207,Buffalo Buffeds|Buffalo Blues|Chicago Cubs|Cincinnati Reds|Cincinnati Reds|Cincinnati Reds,1914|1915|1916|1918|1919|1920
208,Cleveland Spiders,1893
209,Seattle Mariners|Detroit Tigers|Cleveland Indians,1983|1984|1988
210,St. Louis Cardinals,1972
211,St. Louis Browns,1910
212,Boston Red Sox|Boston Red Sox|Boston Red Sox|Boston Red Sox|Boston Red Sox|Boston Red Sox|Toronto Blue Jays,1979|1980|1981|1982|1983|1984|1985
213,Pittsburgh Pirates|Pittsburgh Pirates|Pittsburgh Pirates|Kansas City Royals|New York Mets|New York Mets,1996|1997|1998|1998|1998|1999
214,Pittsburgh Pirates|Pittsburgh Pirates|Pittsburgh Pirates|Pittsburgh Pirates|Pittsburgh Pirates|Pittsburgh Pirates|Pittsburgh Pirates|Pittsburgh Pirates|Pittsburgh Pirates|Pittsburgh Pirates|Pittsburgh Pirates,1963|1964|1965|1966|1967|1968|1969|1970|1971|1972|1973
215,Pittsburgh Pirates,1954
216,California Angels,1975
217,Brooklyn Eckfords,1872
218,Cleveland Forest Citys|Cleveland Forest Citys|Elizabeth Resolutes|Washington Nationals|Hartford Dark Blues|Louisville Grays,1871|1872|1873|1875|1875|1876
219,Brooklyn Eckfords,1872
220,Washington Senators|Washington Senators|Washington Senators|Minnesota Twins|Minnesota Twins|Minnesota Twins|Minnesota Twins|Minnesota Twins|Minnesota Twins|Minnesota Twins|Minnesota Twins|Minnesota Twins|Minnesota Twins,1958|1959|1960|1961|1962|1963|1964|1965|1966|1967|1968|1969|1970
221,Oakland Athletics,1991
222,Washington Olympics|Troy Haymakers|Brooklyn Eckfords|Elizabeth Resolutes|New York Mutuals|New York Mutuals|Hartford Dark Blues|Hartford Dark Blues|Hartfords of Brooklyn|Providence Grays|Providence Grays|Baltimore Orioles,1871|1872|1872|1873|1873|1874|1875|1876|1877|1878|1879|1883
223,St. Louis Browns|St. Louis Browns|St. Louis Browns,1911|1912|1913
224,Chicago Cubs|Chicago Cubs|Cleveland Indians|Cleveland Indians,1913|1914|1916|1917
225,Cleveland Indians|Cleveland Indians|Cleveland Indians,1989|1990|1991
226,Boston Red Sox|Boston Red Sox|Boston Red Sox|Boston Red Sox|Boston Red Sox|Washington Senators|Washington Senators|St. Louis Browns|St. Louis Browns|Brooklyn Dodgers,1933|1934|1935|1936|1937|1937|1938|1938|1939|1939
227,Florida Marlins|Florida Marlins|Florida Marlins|Florida Marlins|Florida Marlins|Atlanta Braves|Arizona Diamondbacks,1999|2000|2001|2002|2003|2004|2005
228,Toronto Blue Jays|Toronto Blue Jays|San Diego Padres|San Diego Padres|New York Yankees|Cincinnati Reds|Texas Rangers|Texas Rangers,1997|1998|1999|2000|2001|2002|2004|2005
229,Cincinnati Reds|Cincinnati Reds|Cincinnati Reds,1911|1912|1913
230,San Diego Padres|San Diego Padres|San Diego Padres|San Diego Padres|San Diego Padres|San Diego Padres|Montreal Expos|New York Mets|Chicago White Sox|Chicago White Sox|Oakland Athletics|Oakland Athletics|Pittsburgh Pirates|Pittsburgh Pirates|Pittsburgh Pirates|New York Mets|Philadelphia Phillies,1974|1975|1976|1977|1978|1979|1980|1980|1981|1982|1983|1984|1985|1986|1987|1987|1988
231,Seattle Mariners|Seattle Mariners|San Diego Padres|San Diego Padres|Cleveland Indians,2013|2014|2014|2015|2015
232,New York Mets,2003
233,New York Yankees|New York Yankees|Milwaukee Brewers,2001|2003|2011
234,Florida Marlins|Boston Red Sox|Montreal Expos,1999|2003|2003
235,Kansas City Royals,2015
236,New York Yankees|New York Yankees,2013|2014
237,Chicago White Sox|Chicago White Sox|Chicago White Sox|Chicago White Sox,1950|1951|1952|1953
238,San Diego Padres|San Diego Padres|San Diego Padres|Toronto Blue Jays|Toronto Blue Jays|Toronto Blue Jays|Toronto Blue Jays|Toronto Blue Jays|Baltimore Orioles|Baltimore Orioles|Baltimore Orioles|Cleveland Indians|Cleveland Indians|Cleveland Indians|New York Mets|New York Mets|Chicago White Sox|Arizona Diamondbacks|Chicago White Sox,1988|1989|1990|1991|1992|1993|1994|1995|1996|1997|1998|1999|2000|2001|2002|2003|2003|2004|2004
239,Milwaukee Braves|Milwaukee Braves|Atlanta Braves|New York Mets|Chicago White Sox|Chicago White Sox|Chicago White Sox|California Angels|California Angels|California Angels|California Angels|California Angels|California Angels|New York Yankees|New York Yankees|New York Yankees|Texas Rangers|Texas Rangers,1964|1965|1966|1967|1967|1968|1969|1969|1970|1971|1972|1973|1974|1974|1975|1976|1977|1978
240,San Diego Padres|San Diego Padres|Cleveland Indians|Cleveland Indians|Cleveland Indians|Cleveland Indians|Cleveland Indians|Cleveland Indians|Cleveland Indians|Cleveland Indians|Cleveland Indians|Cleveland Indians|Cleveland Indians|Chicago White Sox|Chicago White Sox|Colorado Rockies|Chicago White Sox|Chicago White Sox|Texas Rangers|Los Angeles Dodgers|Chicago White Sox|New York Mets,1988|1989|1990|1991|1992|1993|1994|1995|1996|1997|1998|1999|2000|2001|2002|2002|2003|2004|2005|2006|2006|2007
241,Cincinnati Reds|Cincinnati Reds|San Diego Padres|San Diego Padres|San Diego Padres|San Diego Padres,2010|2011|2012|2013|2014|2015
242,San Francisco Giants|San Francisco Giants|San Francisco Giants|San Francisco Giants|San Francisco Giants|San Francisco Giants|Milwaukee Braves|Milwaukee Braves|Atlanta Braves|Atlanta Braves|Atlanta Braves|Atlanta Braves|Oakland Athletics|Oakland Athletics|New York Yankees|New York Yankees|New York Yankees|Montreal Expos|Milwaukee Brewers,1958|1959|1960|1961|1962|1963|1964|1965|1966|1967|1968|1969|1970|1971|1971|1972|1973|1973|1974
243,San Francisco Giants|San Francisco Giants|San Francisco Giants|San Francisco Giants|San Francisco Giants|San Francisco Giants|Houston Astros|Houston Astros|Houston Astros|Houston Astros|Houston Astros|Oakland Athletics|Oakland Athletics|New York Mets|Houston Astros|Houston Astros,1963|1964|1965|1966|1967|1968|1969|1970|1971|1972|1973|1973|1974|1975|1978|1979
244,San Francisco Giants|San Francisco Giants|San Francisco Giants|San Francisco Giants|San Francisco Giants|San Francisco Giants|Pittsburgh Pirates|Pittsburgh Pirates|Pittsburgh Pirates|Pittsburgh Pirates|Pittsburgh Pirates|St. Louis Cardinals|St. Louis Cardinals|Oakland Athletics|New York Yankees|St. Louis Cardinals|San Diego Padres,1960|1961|1962|1963|1964|1965|1966|1967|1968|1969|1970|1971|1972|1972|1973|1973|1974
245,Pittsburgh Pirates|Montreal Expos|Montreal Expos|Montreal Expos|Montreal Expos|Montreal Expos|Montreal Expos|Florida Marlins|Houston Astros|Houston Astros|Houston Astros|Chicago Cubs|Chicago Cubs|Chicago Cubs|San Francisco Giants|San Francisco Giants|New York Mets|New York Mets,1990|1990|1992|1993|1994|1995|1996|1997|1998|2000|2001|2002|2003|2004|2005|2006|2007|2008
246,Brooklyn Superbas|Brooklyn Superbas|Brooklyn Superbas|Brooklyn Superbas,1906|1907|1908|1909
247,New York Yankees|New York Yankees|Oakland Athletics|Cleveland Indians|Cleveland Indians,1977|1978|1978|1979|1980
248,Colorado Rockies,1996
249,St. Louis Cardinals|St. Louis Cardinals|St. Louis Cardinals|St. Louis Cardinals,1954|1955|1956|1957
250,St. Louis Cardinals,1936
251,Philadelphia Phillies|Philadelphia Phillies|Chicago Cubs,1982|1983|1984
252,Detroit Tigers,1920
253,Pittsburgh Pirates|Pittsburgh Pirates,1916|1917
254,Philadelphia Phillies|Philadelphia Phillies,2014|2015
255,Washington Senators|Washington Senators|Washington Senators|Cleveland Naps|Chicago White Sox|Cincinnati Reds|Cincinnati Reds,1906|1907|1908|1908|1909|1910|1911
256,Chicago Cubs|Chicago Cubs|Chicago Cubs|Chicago Cubs|St. Louis Cardinals|New York Mets|Chicago Cubs|Chicago Cubs|Chicago Cubs,1959|1960|1961|1962|1963|1964|1965|1966|1967
257,Cleveland Indians|Cleveland Indians|Minnesota Twins,1955|1957|1961
258,Louisville Colonels|Boston Americans|Boston Americans|Chicago White Sox|Chicago White Sox|Chicago White Sox|Chicago White Sox|Chicago White Sox|Chicago White Sox|Chicago White Sox|Washington Senators|Washington Senators|Washington Senators|Washington Senators|Washington Senators|Washington Senators|Washington Senators|Washington Senators|Washington Senators|Washington Senators|Washington Senators,1898|1902|1903|1903|1904|1905|1906|1907|1908|1909|1909|1912|1913|1914|1915|1918|1919|1924|1929|1931|1933
259,Houston Astros|Houston Astros|Houston Astros|Houston Astros|Houston Astros,2011|2012|2013|2014|2015
260,Detroit Tigers|Detroit Tigers|Detroit Tigers|Kansas City Athletics|Kansas City Athletics|Kansas City Athletics,1958|1961|1962|1962|1963|1964
261,Boston Red Sox|Boston Red Sox|Boston Red Sox|Chicago White Sox|Chicago White Sox|Chicago White Sox|Chicago White Sox|St. Louis Cardinals|Cleveland Indians|St. Louis Cardinals|New York Mets|Detroit Tigers,1968|1969|1970|1971|1972|1973|1974|1974|1974|1976|1977|1977
262,Boston Red Sox|Boston Red Sox|Boston Red Sox,2004|2005|2006
263,Philadelphia Phillies,2000
264,Baltimore Orioles,2015
265,New York Mets|New York Mets,2014|2015
266,Detroit Tigers|Detroit Tigers|Detroit Tigers|San Diego Padres,1998|1999|2000|2000
267,Toronto Blue Jays|Toronto Blue Jays|Miami Marlins|Miami Marlins|Miami Marlins,2011|2012|2013|2014|2015
268,Atlanta Braves|Atlanta Braves|Atlanta Braves|Atlanta Braves,1981|1982|1988|1989
269,Detroit Tigers|Los Angeles Angels of Anaheim|Los Angeles Angels of Anaheim,2013|2014|2015
270,Anaheim Angels|Anaheim Angels|Texas Rangers|Florida Marlins,1999|2000|2002|2003
271,Los Angeles Dodgers|Los Angeles Dodgers|Los Angeles Dodgers|California Angels,1973|1974|1975|1976
272,Washington Senators|Detroit Tigers,1958|1959
273,Pittsburgh Pirates|Pittsburgh Pirates|Pittsburgh Pirates|Pittsburgh Pirates|Pittsburgh Pirates|Pittsburgh Pirates,2010|2011|2012|2013|2014|2015
274,San Diego Padres|Oakland Athletics,2014|2015
275,Cincinnati Reds|Cincinnati Reds,1960|1962
276,Montreal Expos|Montreal Expos,1995|1996
277,Pittsburgh Pirates|Pittsburgh Pirates,2002|2004
278,Los Angeles Dodgers|Los Angeles Dodgers,2002|2003
279,Texas Rangers|Chicago White Sox|Chicago White Sox|Chicago White Sox|Chicago White Sox|Chicago White Sox|Chicago White Sox|Chicago White Sox|San Francisco Giants|Tampa Bay Devil Rays|Tampa Bay Devil Rays|Tampa Bay Devil Rays|Los Angeles Dodgers|Los Angeles Dodgers|Los Angeles Dodgers,1989|1991|1992|1993|1994|1995|1996|1997|1997|1998|1999|2002|2003|2004|2005
280,Cleveland Indians|Cleveland Indians|Cleveland Indians|Cleveland Indians|Cleveland Indians|Cleveland Indians|Cleveland Indians|Cleveland Indians|Milwaukee Brewers,1962|1963|1964|1965|1966|1967|1968|1969|1970
281,St. Louis Maroons|Kansas City Cowboys|Toledo Maumees|Cleveland Spiders|Washington Statesmen|Cleveland Spiders,1885|1889|1890|1891|1891|1893
282,Washington Senators|Washington Senators|Washington Senators|Minnesota Twins|Minnesota Twins|Oakland Athletics|St. Louis Cardinals|Oakland Athletics,1965|1968|1969|1970|1971|1972|1972|1972
283,New York Giants|New York Giants|San Francisco Giants|San Francisco Giants|Houston Colt .45's|San Francisco Giants|Chicago Cubs|Chicago Cubs|Chicago Cubs|Chicago Cubs,1954|1955|1960|1961|1962|1963|1964|1965|1966|1967
284,Seattle Mariners|Seattle Mariners|Seattle Mariners|Seattle Mariners|Seattle Mariners|Seattle Mariners|Seattle Mariners|Seattle Mariners|Baltimore Orioles|Baltimore Orioles,1991|1992|1993|1994|1995|1996|1997|1998|1999|2000
285,Los Angeles Angels of Anaheim|Los Angeles Angels of Anaheim|San Diego Padres|San Diego Padres|San Diego Padres|San Diego Padres,2011|2012|2012|2013|2014|2015
286,St. Louis Cardinals|Philadelphia Phillies|Philadelphia Phillies|Philadelphia Phillies|Philadelphia Phillies|Philadelphia Phillies|Philadelphia Phillies|New York Yankees|New York Yankees|New York Yankees|California Angels,1958|1960|1961|1962|1963|1964|1965|1966|1967|1968|1969
287,California Angels|Philadelphia Phillies|Philadelphia Phillies|Cleveland Indians|Cleveland Indians|Philadelphia Phillies|Philadelphia Phillies|Philadelphia Phillies,1991|1992|1993|1994|1995|1996|1997|1998
288,Philadelphia Athletics|Philadelphia Athletics|Philadelphia Athletics,1937|1938|1939
289,Kansas City Royals|New York Mets|San Diego Padres,2005|2007|2008
290,Cleveland Indians|Houston Astros|Houston Astros|San Diego Padres,2010|2012|2013|2014
291,Los Angeles Dodgers|Los Angeles Dodgers,1984|1986
292,New York Giants|New York Giants|New York Giants|New York Giants|New York Giants|New York Giants|New York Giants|New York Giants|New York Giants|New York Giants|New York Giants|Cincinnati Reds|Cincinnati Reds|Cincinnati Reds|St. Louis Cardinals|St. Louis Cardinals|St. Louis Cardinals|St. Louis Cardinals|St. Louis Cardinals|Philadelphia Phillies,1903|1904|1905|1906|1907|1908|1909|1910|1911|1912|1913|1913|1914|1915|1915|1916|1917|1918|1919|1919
293,Miami Marlins,2013
294,Anaheim Angels|Anaheim Angels|Anaheim Angels|Colorado Rockies|Pittsburgh Pirates|Florida Marlins|Florida Marlins|Florida Marlins|Florida Marlins|Colorado Rockies|Florida Marlins,2002|2003|2004|2005|2005|2006|2007|2008|2009|2011|2011
295,Baltimore Orioles|Washington Senators,1897|1898
296,Chicago Cubs|Cincinnati Redlegs,1955|1957
297,Brooklyn Dodgers|Brooklyn Dodgers|Brooklyn Dodgers|Brooklyn Dodgers|Brooklyn Dodgers|Los Angeles Dodgers|Los Angeles Dodgers|Detroit Tigers,1952|1954|1955|1956|1957|1959|1960|1960
298,Philadelphia Athletics,1915
299,Cleveland Indians|Cleveland Indians|Cleveland Indians|Seattle Mariners|Seattle Mariners|Philadelphia Phillies|Philadelphia Phillies|Philadelphia Phillies|Philadelphia Phillies|Houston Astros|Houston Astros|Houston Astros|Houston Astros|Houston Astros|Boston Red Sox|San Diego Padres|San Diego Padres|Philadelphia Phillies|Philadelphia Phillies,1975|1977|1979|1981|1982|1983|1984|1985|1986|1986|1987|1988|1989|1990|1990|1991|1992|1993|1994
300,Pittsburgh Pirates|Pittsburgh Pirates|Pittsburgh Pirates,1941|1942|1946
301,Minnesota Twins|Minnesota Twins|Minnesota Twins|Minnesota Twins|Minnesota Twins|Minnesota Twins,1986|1987|1988|1989|1990|1991
302,St. Louis Browns|St. Louis Browns,1948|1949
303,Louisville Colonels,1889
304,Boston Braves,1925
305,Chicago Cubs|Chicago Cubs|Chicago Cubs|Chicago Cubs|Chicago Cubs|Chicago Cubs|Detroit Tigers,1957|1958|1959|1960|1961|1962|1963
306,Boston Red Sox|Baltimore Orioles|Baltimore Orioles|Baltimore Orioles|Baltimore Orioles|Baltimore Orioles|Baltimore Orioles|Baltimore Orioles|Baltimore Orioles|Baltimore Orioles|Baltimore Orioles|Baltimore Orioles|Baltimore Orioles|Baltimore Orioles|Baltimore Orioles|Cleveland Indians,1988|1988|1989|1990|1991|1992|1993|1994|1995|1996|1997|1998|1999|2000|2001|2002
307,Oakland Athletics|Oakland Athletics|Oakland Athletics|Oakland Athletics|Oakland Athletics|Colorado Rockies|Los Angeles Dodgers,2009|2010|2011|2012|2013|2014|2015
308,California Angels|California Angels|California Angels|Cleveland Indians|Cleveland Indians|Arizona Diamondbacks|Arizona Diamondbacks|Arizona Diamondbacks|Arizona Diamondbacks|Arizona Diamondbacks|Cleveland Indians|Kansas City Royals|Kansas City Royals|Kansas City Royals,1993|1994|1995|1996|1997|1998|1999|2000|2001|2002|2003|2003|2004|2005
309,Chicago White Sox|Chicago White Sox|Chicago White Sox|Chicago White Sox|Chicago White Sox|Boston Red Sox,2005|2006|2007|2008|2009|2009
310,St. Louis Cardinals|St. Louis Cardinals|Chicago White Sox|Oakland Athletics|Oakland Athletics,2010|2012|2013|2014|2015
311,Cleveland Indians|Cleveland Indians,1982|1983
312,Arizona Diamondbacks|Arizona Diamondbacks,2014|2015
313,Cleveland Indians,2015
314,St. Louis Cardinals|New York Mets|New York Mets|New York Mets,1961|1962|1963|1964
315,Philadelphia Quakers|Philadelphia Phillies|Pittsburgh Alleghenys,1889|1890|1890
316,Los Angeles Dodgers|Los Angeles Dodgers|Los Angeles Dodgers|Los Angeles Dodgers|Los Angeles Dodgers|Los Angeles Dodgers|Los Angeles Dodgers|San Francisco Giants|San Francisco Giants|Los Angeles Dodgers,1983|1984|1985|1986|1987|1988|1989|1990|1991|1992
317,Milwaukee Brewers,2006
318,Oakland Athletics|Oakland Athletics|St. Louis Cardinals|St. Louis Cardinals|San Diego Padres|Cleveland Indians,1971|1972|1972|1973|1973|1974
319,Brooklyn Dodgers|St. Louis Cardinals,1946|1953
320,Boston Red Sox|Boston Red Sox|Buffalo Buffeds|Buffalo Blues|New York Giants|New York Giants|New York Giants,1909|1913|1914|1915|1916|1917|1918
321,California Angels|California Angels|California Angels|Anaheim Angels|Anaheim Angels|Anaheim Angels|Anaheim Angels|Anaheim Angels|Anaheim Angels|Anaheim Angels|Anaheim Angels|Los Angeles Angels of Anaheim|Los Angeles Angels of Anaheim|Los Angeles Angels of Anaheim|Los Angeles Angels of Anaheim|Atlanta Braves|Los Angeles Dodgers,1994|1995|1996|1997|1998|1999|2000|2001|2002|2003|2004|2005|2006|2007|2008|2009|2010
322,Brooklyn Tip-Tops|Brooklyn Tip-Tops|St. Louis Cardinals,1914|1915|1918
323,Pittsburgh Pirates,1907
324,Chicago White Sox,1932
325,Philadelphia Phillies|Philadelphia Phillies|Philadelphia Phillies|Philadelphia Phillies|Cincinnati Reds|Cincinnati Reds,1957|1958|1959|1960|1960|1961
326,New York Yankees|New York Mets|Cleveland Indians|New York Yankees,2003|2003|2004|2005
327,California Angels|California Angels|Seattle Mariners|Seattle Mariners|Texas Rangers|Texas Rangers,1978|1979|1980|1981|1983|1984
328,Pittsburgh Pirates|Pittsburgh Pirates|Pittsburgh Pirates|Pittsburgh Pirates|Cincinnati Reds|Chicago Cubs|Boston Red Sox,1999|2000|2001|2002|2003|2004|2004
329,Brooklyn Grooms|Brooklyn Grooms|Brooklyn Bridegrooms|Brooklyn Bridegrooms|Brooklyn Bridegrooms|Washington Senators|Brooklyn Bridegrooms|Brooklyn Superbas|Milwaukee Brewers|St. Louis Browns|St. Louis Browns|New York Highlanders|New York Highlanders|Washington Senators|Washington Senators|Washington Senators|Chicago White Sox,1894|1895|1896|1897|1898|1898|1898|1899|1901|1902|1903|1904|1905|1905|1906|1907|1908
330,Philadelphia Phillies|Baltimore Orioles|St. Louis Cardinals|Houston Colt .45's,1958|1960|1962|1962
331,Houston Astros|Atlanta Braves|Detroit Tigers|Kansas City Royals,2007|2008|2009|2009
332,California Angels|California Angels,1989|1990
333,Milwaukee Brewers|Milwaukee Brewers|Chicago White Sox,1974|1975|1977
334,Boston Red Sox|Boston Red Sox|Boston Red Sox,2010|2011|2012
335,Philadelphia Phillies|Philadelphia Phillies|Philadelphia Phillies|Philadelphia Phillies|Philadelphia Phillies|Tampa Bay Devil Rays|St. Louis Cardinals|New York Mets|Washington Nationals|Los Angeles Dodgers|Los Angeles Dodgers|New York Mets|New York Mets|New York Mets,1998|1999|2000|2001|2002|2003|2004|2005|2006|2006|2007|2007|2008|2009
336,Detroit Tigers|Detroit Tigers|Detroit Tigers|Detroit Tigers|Detroit Tigers|Detroit Tigers|Colorado Rockies,1998|1999|2000|2001|2002|2003|2005
337,Philadelphia Phillies|Philadelphia Phillies|Philadelphia Phillies|Philadelphia Phillies|Philadelphia Phillies|St. Louis Cardinals|St. Louis Cardinals|Baltimore Orioles|Philadelphia Phillies,1971|1972|1973|1974|1975|1976|1977|1978|1979
338,Cincinnati Reds,1993
339,Washington Senators|Washington Senators|Washington Senators,1937|1940|1941
340,New York Yankees|Seattle Mariners,1979|1980
341,New York Mets|Kansas City Royals|Kansas City Royals,1986|1987|1988
342,Texas Rangers|Montreal Expos|Kansas City Royals,1987|1990|1995
343,Philadelphia Phillies,1959
344,Indianapolis Hoosiers|Washington Senators|Washington Senators|Washington Senators,1889|1894|1895|1896
345,Philadelphia Athletics|Philadelphia Athletics,1917|1919
346,Cincinnati Reds,1910
347,Florida Marlins|Florida Marlins|Florida Marlins|Florida Marlins|Baltimore Orioles|Baltimore Orioles|Baltimore Orioles|Baltimore Orioles|Seattle Mariners,2005|2006|2007|2008|2009|2010|2011|2012|2013
348,Kansas City Royals,2006
349,Chicago Cubs,1955
350,Boston Red Sox,1946
351,Boston Red Sox,1975
352,Toronto Blue Jays,2000
353,Philadelphia Quakers|Philadelphia Quakers|Philadelphia Quakers|Philadelphia Quakers|Philadelphia Quakers|Philadelphia Quakers|Indianapolis Hoosiers|Brooklyn Ward's Wonders|Cincinnati Kelly's Killers,1884|1885|1886|1887|1888|1889|1889|1890|1891
354,Philadelphia Athletics,1925
355,Philadelphia Phillies|Philadelphia Phillies,1976|1977
356,New York Giants|New York Giants,1947|1948
357,New York Yankees|New York Yankees|Boston Red Sox|Boston Red Sox|St. Louis Browns|St. Louis Browns|St. Louis Browns|Cleveland Indians|New York Yankees|New York Yankees,1931|1932|1932|1933|1934|1935|1936|1937|1937|1938
358,Chicago Colts,1890
359,St. Louis Cardinals,1973
360,Boston Red Sox|Boston Red Sox|Boston Red Sox|Boston Red Sox|Boston Red Sox|Chicago White Sox|Chicago White Sox|Chicago White Sox|Oakland Athletics,1966|1967|1968|1969|1970|1971|1972|1973|1973
361,St. Louis Cardinals|St. Louis Cardinals|Cleveland Indians|Cleveland Indians|Boston Braves|Boston Braves|Boston Braves|Cincinnati Reds|New York Giants,1937|1939|1940|1941|1943|1944|1945|1946|1946
362,Houston Astros|Houston Astros|San Francisco Giants|San Francisco Giants|San Francisco Giants,1975|1976|1977|1978|1979
363,Montreal Expos|Montreal Expos|Montreal Expos|Montreal Expos|Montreal Expos|Chicago Cubs|Chicago Cubs|Boston Red Sox,1995|1996|1997|1998|1999|1999|2000|2002
364,Boston Bees|Boston Bees|Brooklyn Dodgers|Brooklyn Dodgers|Philadelphia Phillies,1939|1940|1944|1945|1945
365,Louisville Eclipse|Louisville Colonels,1884|1888
366,Tampa Bay Rays,2015
367,Washington Senators|Philadelphia Phillies,1931|1937
368,Texas Rangers|Texas Rangers|Texas Rangers|Texas Rangers|Texas Rangers|Texas Rangers|Texas Rangers,2009|2010|2011|2012|2013|2014|2015
369,Chicago White Stockings|Chicago White Stockings,1876|1884
370,Providence Grays,1885
371,Houston Astros|Houston Astros|Houston Astros|Houston Astros|Houston Astros|Houston Astros|St. Louis Cardinals|St. Louis Cardinals|St. Louis Cardinals|St. Louis Cardinals|St. Louis Cardinals|Oakland Athletics|Oakland Athletics|Houston Astros,1976|1977|1978|1979|1980|1981|1981|1982|1983|1984|1985|1986|1987|1988
372,Chicago White Sox|Chicago White Sox|Toronto Blue Jays|Toronto Blue Jays|Toronto Blue Jays,1995|1996|1996|1997|1998
373,Kansas City Royals|Kansas City Royals,1972|1973
374,Baltimore Orioles,2011
375,Chicago Cubs,1929
376,St. Louis Cardinals|Brooklyn Dodgers|Brooklyn Dodgers,1936|1943|1944
377,St. Louis Cardinals|St. Louis Cardinals|St. Louis Cardinals|St. Louis Cardinals|St. Louis Cardinals|St. Louis Cardinals|St. Louis Cardinals|Kansas City Royals|Atlanta Braves|Washington Nationals|Washington Nationals|Houston Astros|New York Mets,1999|2000|2001|2004|2007|2008|2009|2010|2010|2011|2012|2013|2013
378,New York Yankees|St. Louis Cardinals,2014|2015
379,Boston Beaneaters,1884
380,Rockford Forest Citys|Philadelphia Athletics|Philadelphia Athletics|Philadelphia Athletics|Philadelphia Athletics|Chicago White Stockings|Chicago White Stockings|Chicago White Stockings|Chicago White Stockings|Chicago White Stockings|Chicago White Stockings|Chicago White Stockings|Chicago White Stockings|Chicago White Stockings|Chicago White Stockings|Chicago White Stockings|Chicago White Stockings|Chicago White Stockings|Chicago White Stockings|Chicago Colts|Chicago Colts|Chicago Colts|Chicago Colts|Chicago Colts|Chicago Colts|Chicago Colts|Chicago Colts,1871|1872|1873|1874|1875|1876|1877|1878|1879|1880|1881|1882|1883|1884|1885|1886|1887|1888|1889|1890|1891|1892|1893|1894|1895|1896|1897
381,Houston Astros|Houston Astros|Houston Astros|Houston Astros|Houston Astros|Seattle Mariners|Cincinnati Reds|Cincinnati Reds|Colorado Rockies|Los Angeles Dodgers,1989|1990|1991|1992|1993|1994|1995|1996|1996|1997
382,Philadelphia Phillies,1944
383,St. Louis Cardinals|St. Louis Cardinals|Philadelphia Phillies,1944|1945|1945
384,Boston Braves|Boston Braves|Boston Braves|Milwaukee Braves|New York Giants|New York Giants|New York Giants|New York Giants|San Francisco Giants|San Francisco Giants|San Francisco Giants|Cleveland Indians|Milwaukee Braves,1948|1949|1950|1953|1954|1955|1956|1957|1958|1959|1960|1961|1961
385,San Diego Padres,2008
386,Brooklyn Dodgers,1953
387,Milwaukee Brewers|Milwaukee Brewers|Kansas City Royals|San Francisco Giants,2012|2013|2014|2015
388,Chicago White Sox|Chicago White Sox|Chicago White Sox|Chicago White Sox|Chicago White Sox|Chicago White Sox|Chicago White Sox|Baltimore Orioles|Baltimore Orioles|Baltimore Orioles|Baltimore Orioles|Baltimore Orioles|Chicago White Sox|Chicago White Sox|Chicago White Sox|Boston Red Sox|Boston Red Sox|Boston Red Sox,1956|1957|1958|1959|1960|1961|1962|1963|1964|1965|1966|1967|1968|1969|1970|1971|1972|1973
389,New York Mets|New York Mets|New York Mets|New York Mets|New York Mets,1973|1974|1975|1976|1977
390,Boston Red Sox|Boston Red Sox|Boston Red Sox|Boston Red Sox|Cleveland Indians,1980|1981|1982|1983|1984
391,Kansas City Royals|Kansas City Royals|Kansas City Royals|Kansas City Royals|Kansas City Royals|Kansas City Royals|Kansas City Royals|Kansas City Royals|Kansas City Royals|Kansas City Royals|Kansas City Royals|Oakland Athletics|Oakland Athletics|New York Mets|Anaheim Angels|Anaheim Angels|Kansas City Royals|Kansas City Royals,1989|1990|1991|1992|1993|1994|1995|1996|1997|1998|1999|1999|2000|2001|2002|2003|2003|2004
392,Philadelphia Athletics,1904
393,Brooklyn Robins|Brooklyn Robins,1915|1916
394,Cincinnati Reds|Cincinnati Reds|Cleveland Indians|Cleveland Indians|Cleveland Indians|Boston Red Sox|New York Yankees|Washington Senators|Washington Senators|Washington Senators|Washington Senators|Chicago White Sox|Chicago White Sox|Chicago White Sox|St. Louis Browns|St. Louis Browns|Washington Senators,1927|1928|1930|1931|1932|1932|1933|1936|1937|1938|1939|1940|1941|1942|1942|1945|1945
395,Chicago White Sox|Chicago White Sox|Chicago White Sox|Chicago White Sox|Chicago White Sox|Chicago White Sox|Chicago White Sox|Chicago White Sox|Chicago White Sox|Chicago White Sox|Chicago White Sox|Chicago White Sox|Chicago White Sox|Chicago White Sox|Chicago White Sox|Chicago White Sox|Chicago White Sox|Chicago White Sox|Chicago White Sox|Chicago White Sox,1930|1931|1932|1933|1934|1935|1936|1937|1938|1939|1940|1941|1942|1943|1945|1946|1947|1948|1949|1950
396,Arizona Diamondbacks|Arizona Diamondbacks|Arizona Diamondbacks|Milwaukee Brewers|Baltimore Orioles|Cleveland Indians,2004|2005|2006|2007|2008|2009
397,Toronto Blue Jays|Kansas City Royals|Kansas City Royals|Kansas City Royals|Kansas City Royals|Kansas City Royals|Florida Marlins|Florida Marlins|Montreal Expos|San Francisco Giants,1986|1988|1989|1990|1991|1992|1993|1994|1995|1995
398,New York Yankees|New York Yankees|New York Yankees,1914|1916|1917
399,New York Giants,1941
400,Philadelphia Phillies,2015
401,Chicago White Sox|Chicago White Sox|Chicago White Sox,1923|1924|1925
402,Tampa Bay Rays|Tampa Bay Rays|Tampa Bay Rays|Tampa Bay Rays,2012|2013|2014|2015
403,Philadelphia Athletics|Philadelphia Athletics,1936|1937
404,Kansas City Athletics|Kansas City Athletics,1961|1962
405,Pittsburgh Pirates|Detroit Tigers|Chicago Cubs|Chicago Cubs|Chicago Cubs|Chicago Cubs|Chicago Cubs|Chicago Cubs|Chicago Cubs|Chicago Cubs|Chicago Cubs|Pittsburgh Pirates|Brooklyn Robins|Cincinnati Reds,1904|1907|1909|1910|1911|1912|1913|1914|1915|1916|1917|1918|1918|1918
406,Detroit Tigers|Washington Senators|St. Louis Browns|St. Louis Browns,1938|1941|1941|1946
407,Chicago Cubs|San Diego Padres|San Diego Padres,1968|1969|1970
408,Minnesota Twins|Minnesota Twins|Minnesota Twins,2013|2014|2015
409,Los Angeles Angels,1961
410,New York Yankees,1947
411,Cleveland Blues|Cleveland Spiders,1884|1890
412,Minnesota Twins|Texas Rangers|Colorado Rockies|Colorado Rockies|Baltimore Orioles|Los Angeles Dodgers,2000|2004|2005|2006|2006|2008
413,Boston Red Sox|Boston Red Sox|Boston Red Sox,1908|1909|1910
414,Colorado Rockies|Colorado Rockies|Colorado Rockies,2013|2014|2015
415,Toronto Blue Jays|Toronto Blue Jays|Toronto Blue Jays|Toronto Blue Jays|Texas Rangers|Tampa Bay Rays,2010|2011|2012|2013|2014|2015
416,St. Louis Browns|St. Louis Browns|St. Louis Browns|St. Louis Browns|St. Louis Browns,1948|1949|1950|1951|1952
417,Colorado Rockies|Colorado Rockies|Houston Astros|Houston Astros,2007|2008|2008|2009
418,Chicago Cubs|Florida Marlins|Florida Marlins|Florida Marlins|Florida Marlins|Florida Marlins|Philadelphia Phillies|Philadelphia Phillies|Philadelphia Phillies|San Diego Padres|New York Yankees,1992|1993|1994|1995|1996|1997|1998|1999|2000|2001|2002
419,California Angels|Anaheim Angels|San Diego Padres|San Diego Padres|San Diego Padres,1996|1997|1997|1998|1999
420,Texas Rangers|Texas Rangers|Texas Rangers|Texas Rangers|New York Mets|San Francisco Giants|San Francisco Giants|San Francisco Giants|San Francisco Giants,2006|2008|2009|2010|2010|2012|2013|2014|2015
421,Chicago White Sox,1959
422,Philadelphia Phillies,1931
423,Houston Astros|Houston Astros,1965|1966
424,San Diego Padres|San Diego Padres|San Diego Padres|San Diego Padres|San Diego Padres|San Diego Padres|Cleveland Indians,1969|1970|1971|1972|1973|1974|1974
425,Oakland Athletics,1993
426,Pittsburgh Pirates|Oakland Athletics|Oakland Athletics|Oakland Athletics|Oakland Athletics|Oakland Athletics|Oakland Athletics|Boston Red Sox|Boston Red Sox|Boston Red Sox|Boston Red Sox|California Angels|California Angels|California Angels,1976|1977|1978|1979|1980|1981|1982|1983|1984|1985|1986|1987|1988|1989
427,Montreal Expos|Montreal Expos|Montreal Expos|Montreal Expos|Montreal Expos|Montreal Expos|Washington Nationals|Washington Nationals|Pittsburgh Pirates|New York Mets,1999|2000|2001|2002|2003|2004|2005|2006|2007|2008
428,Cincinnati Reds|Cincinnati Reds|Cincinnati Reds|Cincinnati Reds|Cincinnati Reds,1973|1974|1975|1976|1977
429,Washington Senators,1934
430,Boston Americans|Boston Americans|Boston Americans|Chicago White Sox,1905|1906|1907|1907
431,Philadelphia Athletics,1906
432,Philadelphia Athletics,1946
433,Philadelphia Athletics,1911
434,Cincinnati Reds|Cincinnati Reds|Cincinnati Reds|Cincinnati Reds|Cleveland Indians|Florida Marlins|Texas Rangers,1988|1989|1990|1991|1992|1993|1994
435,San Diego Padres|San Diego Padres|Kansas City Royals|Kansas City Royals|New York Yankees|New York Yankees|New York Yankees|Cleveland Indians,1980|1981|1982|1983|1984|1985|1986|1987
436,Fort Wayne Kekiongas,1871
437,Cleveland Indians,2015
438,Detroit Tigers|Baltimore Orioles|St. Louis Cardinals|St. Louis Cardinals|St. Louis Cardinals,1902|1902|1905|1906|1907
439,Oakland Athletics,1989
440,Middletown Mansfields,1872
441,San Francisco Giants|San Francisco Giants|San Francisco Giants|San Francisco Giants|San Francisco Giants|San Francisco Giants,1971|1972|1973|1974|1975|1976
442,Los Angeles Dodgers|Los Angeles Dodgers|Chicago Cubs,1999|2000|2000
443,St. Louis Cardinals,1988
444,Baltimore Orioles|Baltimore Orioles,1986|1987
445,Philadelphia Phillies|Philadelphia Phillies|Philadelphia Phillies|Philadelphia Phillies|Philadelphia Phillies|Cincinnati Reds|New York Giants|New York Giants,1936|1937|1938|1939|1940|1940|1941|1946
446,New York Yankees|New York Yankees|Texas Rangers|Texas Rangers|Texas Rangers|Cleveland Indians,1986|1987|1989|1990|1991|1992
447,Philadelphia Athletics,1943
448,Boston Red Sox,2015
449,St. Louis Cardinals|St. Louis Cardinals|St. Louis Cardinals|San Francisco Giants,1993|1994|1995|1997
450,Los Angeles Angels of Anaheim|Los Angeles Angels of Anaheim|Cincinnati Reds|Cincinnati Reds,2008|2009|2011|2012
451,Baltimore Orioles|Baltimore Orioles|Baltimore Orioles|Baltimore Orioles|Chicago Cubs|Chicago Cubs|Chicago Cubs,2010|2011|2012|2013|2013|2014|2015
452,Minnesota Twins|Minnesota Twins|Minnesota Twins|Minnesota Twins|Cincinnati Reds|Cincinnati Reds|New York Mets|Cincinnati Reds|Cincinnati Reds|Cincinnati Reds|Chicago White Sox,1961|1962|1963|1964|1965|1966|1966|1967|1968|1969|1970
453,Tampa Bay Devil Rays|Tampa Bay Devil Rays|Colorado Rockies|Boston Red Sox|Boston Red Sox|Boston Red Sox,1998|1999|2000|2000|2001|2002
454,Pittsburgh Pirates|Pittsburgh Pirates|Pittsburgh Pirates|Boston Red Sox|Boston Red Sox|Boston Red Sox|Cincinnati Reds|Cincinnati Reds|Cincinnati Reds|Cincinnati Reds|Cincinnati Reds|Cincinnati Reds|Cincinnati Reds|Cincinnati Reds|Arizona Diamondbacks,2000|2001|2002|2003|2004|2005|2006|2007|2008|2009|2010|2011|2012|2013|2014
455,Detroit Tigers|Detroit Tigers|Detroit Tigers|Detroit Tigers|Minnesota Twins|Minnesota Twins|Minnesota Twins|Oakland Athletics|Oakland Athletics,1975|1977|1978|1979|1980|1981|1982|1982|1986
456,St. Louis Cardinals|Pittsburgh Pirates|Pittsburgh Pirates|Cincinnati Redlegs|New York Yankees|New York Yankees|New York Yankees|New York Yankees,1955|1956|1957|1959|1960|1961|1962|1963
457,St. Louis Cardinals,1971
458,Los Angeles Dodgers,2014
459,Brooklyn Atlantics|Pittsburgh Alleghenys|Providence Grays,1875|1882|1884
460,Philadelphia Athletics|Toledo Blue Stockings|Indianapolis Hoosiers|Washington Nationals,1882|1884|1887|1888
461,San Diego Padres,1986
462,Chicago Cubs,1938
463,Boston Red Sox|Boston Red Sox|Cincinnati Reds|Cincinnati Reds,1928|1929|1931|1932
464,Atlanta Braves|Chicago Cubs|Chicago Cubs|Pittsburgh Pirates|Pittsburgh Pirates,2007|2008|2009|2009|2011
465,Philadelphia Phillies|Philadelphia Phillies|Philadelphia Phillies,2013|2014|2015
466,Atlanta Braves|Atlanta Braves|Cleveland Indians|Chicago Cubs|Baltimore Orioles,2009|2011|2012|2012|2013
467,Kansas City Royals|Kansas City Royals|Colorado Rockies,2002|2003|2006
468,Chicago White Sox|Cincinnati Reds|Cincinnati Reds|Cincinnati Reds,1925|1928|1929|1930
469,Philadelphia Phillies|Philadelphia Phillies|Philadelphia Phillies|Philadelphia Phillies|Philadelphia Phillies|Philadelphia Phillies|Philadelphia Phillies|Philadelphia Phillies|Philadelphia Phillies|Philadelphia Phillies|Philadelphia Phillies|Philadelphia Phillies|Chicago Cubs|Chicago Cubs|New York Mets,1948|1949|1950|1951|1952|1953|1954|1955|1956|1957|1958|1959|1960|1961|1962
470,Cleveland Indians|Cleveland Indians|Cleveland Indians|Cleveland Indians|Toronto Blue Jays|Toronto Blue Jays|Houston Astros|Houston Astros|Houston Astros|Houston Astros|Houston Astros|Houston Astros|Houston Astros|Houston Astros|Houston Astros|Houston Astros|Houston Astros,1973|1974|1975|1976|1977|1978|1979|1980|1981|1982|1983|1984|1985|1986|1987|1988|1989
471,Philadelphia Phillies|Philadelphia Phillies|Colorado Rockies|San Diego Padres|San Diego Padres|San Diego Padres|San Diego Padres|San Diego Padres|San Diego Padres|San Diego Padres|Philadelphia Phillies|Atlanta Braves|Los Angeles Dodgers|Los Angeles Dodgers|Los Angeles Dodgers|San Diego Padres,1991|1992|1993|1993|1994|1995|1996|1997|1998|1999|2000|2000|2001|2002|2003|2004
472,Philadelphia Phillies,2015
473,San Diego Padres|San Diego Padres|San Diego Padres|Texas Rangers|New York Yankees|New York Mets|Kansas City Royals,1976|1977|1978|1980|1981|1983|1984
474,Los Angeles Dodgers|Los Angeles Dodgers|Los Angeles Dodgers|Los Angeles Dodgers|Los Angeles Dodgers|Los Angeles Dodgers|Boston Red Sox,1992|1993|1994|1995|1996|1997|1998
475,Milwaukee Brewers,2015
476,Boston Doves,1907
477,Brooklyn Dodgers|Los Angeles Dodgers|Los Angeles Dodgers|Houston Colt .45's|Houston Colt .45's|Houston Colt .45's|Houston Astros|Houston Astros|Houston Astros|Houston Astros|Atlanta Braves|Atlanta Braves|New York Mets,1956|1960|1961|1962|1963|1964|1965|1966|1967|1968|1969|1970|1971
478,Boston Red Sox|Boston Red Sox|Washington Senators|Washington Senators|Washington Senators|Cleveland Indians|Los Angeles Angels|Cleveland Indians|Cleveland Indians|Milwaukee Braves|Chicago Cubs,1957|1958|1958|1959|1960|1960|1961|1961|1962|1962|1963
479,Atlanta Braves|Atlanta Braves|Atlanta Braves|Atlanta Braves|Atlanta Braves|Atlanta Braves,1976|1977|1978|1979|1980|1981
480,Atlanta Braves|Atlanta Braves|Atlanta Braves|Atlanta Braves|Chicago Cubs|Chicago Cubs|Chicago Cubs|Chicago Cubs|Chicago Cubs|New York Yankees|Chicago White Sox|Cleveland Indians|Cleveland Indians|Cleveland Indians|Cleveland Indians|Cleveland Indians,1986|1987|1988|1989|1989|1990|1991|1992|1993|1993|1994|1995|1996|1997|1998|1999
481,Houston Astros|Houston Astros,2005|2006
482,Los Angeles Dodgers|Los Angeles Dodgers|Los Angeles Dodgers|Los Angeles Dodgers|Los Angeles Dodgers|Los Angeles Dodgers|Colorado Rockies|Colorado Rockies|Colorado Rockies|Colorado Rockies|Colorado Rockies|Houston Astros|New York Mets|New York Mets|Boston Red Sox|Texas Rangers|San Diego Padres|Washington Nationals,1992|1993|1994|1995|1996|1997|1997|1998|1999|2000|2001|2001|2002|2003|2004|2005|2005|2006
483,Philadelphia Athletics|Philadelphia Athletics|Philadelphia Athletics|Philadelphia Athletics|Philadelphia Athletics|Philadelphia Athletics|Philadelphia Athletics|Philadelphia Athletics|Kansas City Athletics|Kansas City Athletics,1945|1946|1949|1950|1951|1952|1953|1954|1955|1956
484,Seattle Mariners|Seattle Mariners|San Francisco Giants|Boston Red Sox|Boston Red Sox|Boston Red Sox|New York Mets|Cleveland Indians|Cleveland Indians,2004|2005|2007|2010|2011|2012|2013|2014|2015
485,Cincinnati Reds,2001
486,Washington Senators,1899
487,Oakland Athletics|Oakland Athletics|Oakland Athletics|Oakland Athletics|Minnesota Twins|Minnesota Twins|Minnesota Twins|Cleveland Indians,1983|1984|1985|1986|1986|1987|1988|1989
488,Washington Nationals,2010
489,Colorado Rockies|Colorado Rockies|Colorado Rockies|Colorado Rockies|Colorado Rockies|Colorado Rockies|Colorado Rockies|Baltimore Orioles,2003|2004|2005|2006|2007|2008|2009|2010
490,Boston Red Sox|Boston Red Sox,1950|1952
491,Chicago Cubs|Chicago Cubs|Baltimore Orioles,2009|2010|2011
492,Philadelphia Athletics|Philadelphia Athletics,1909|1910
493,Philadelphia Athletics|Chicago/Pittsburgh|Baltimore Monumentals|Philadelphia Athletics|Philadelphia Athletics,1884|1884|1884|1886|1887
494,Montreal Expos|Montreal Expos|Montreal Expos|Montreal Expos,1976|1977|1978|1979
495,Washington Blue Legs,1873
496,St. Louis Browns,1895
497,Washington Senators,1927
498,Philadelphia Phillies|Philadelphia Phillies,1926|1927
499,Chicago Cubs|Chicago Cubs|Pittsburgh Pirates|Pittsburgh Pirates|Pittsburgh Pirates|Pittsburgh Pirates|Milwaukee Braves,1952|1953|1953|1954|1955|1956|1956
500,Philadelphia Phillies|Philadelphia Phillies|Philadelphia Phillies|Philadelphia Phillies|Philadelphia Phillies,1936|1937|1938|1939|1940
501,Washington Senators|Chicago White Sox|Chicago White Sox|Chicago White Sox,1902|1907|1908|1909
502,Boston Beaneaters,1903
503,Cleveland Indians|Baltimore Orioles,2008|2009
504,Montreal Expos,1996
505,Pittsburgh Pirates|Pittsburgh Pirates|Pittsburgh Pirates,1993|1995|1996
506,Milwaukee Brewers|Milwaukee Brewers|Milwaukee Brewers|Los Angeles Dodgers|Los Angeles Dodgers|Los Angeles Dodgers|Cincinnati Reds|Cincinnati Reds|Cincinnati Reds|Cincinnati Reds|Seattle Mariners,1971|1972|1973|1974|1975|1976|1977|1978|1979|1980|1981
507,Arizona Diamondbacks|St. Louis Cardinals,2009|2011
508,Milwaukee Brewers|Milwaukee Brewers|Milwaukee Brewers|Milwaukee Brewers,1988|1989|1990|1991
509,Pittsburgh Pirates|Pittsburgh Pirates,1973|1974
510,Milwaukee Brewers|Milwaukee Brewers|Milwaukee Brewers|Milwaukee Brewers|Milwaukee Brewers|Milwaukee Brewers|Milwaukee Brewers|Milwaukee Brewers|Milwaukee Brewers|Milwaukee Brewers,1975|1976|1977|1978|1979|1980|1981|1982|1983|1984
511,Detroit Tigers|Detroit Tigers|Detroit Tigers|Detroit Tigers|Detroit Tigers|Detroit Tigers|Boston Red Sox|St. Louis Browns|St. Louis Browns|St. Louis Browns,1933|1934|1935|1936|1937|1938|1939|1940|1941|1942
512,Boston Red Sox,1947
513,Texas Rangers|Toronto Blue Jays|Toronto Blue Jays|Toronto Blue Jays,1976|1977|1978|1980
514,Philadelphia Phillies|Philadelphia Phillies|Philadelphia Phillies|Philadelphia Phillies,2012|2013|2014|2015
515,San Francisco Giants|San Francisco Giants|San Francisco Giants|San Francisco Giants|San Francisco Giants|San Francisco Giants|San Francisco Giants|San Francisco Giants|San Francisco Giants|Seattle Mariners|San Diego Padres|Cincinnati Reds|Cincinnati Reds|San Francisco Giants|San Francisco Giants|San Francisco Giants,1995|1996|1997|1998|1999|2000|2001|2002|2003|2004|2004|2005|2006|2007|2008|2009
516,New York Yankees|New York Yankees,1994|1995
517,San Diego Padres|San Diego Padres|San Diego Padres|San Diego Padres|Detroit Tigers|Houston Astros|Houston Astros|Detroit Tigers|Detroit Tigers|Houston Astros|Houston Astros|Houston Astros|Houston Astros|Houston Astros|Houston Astros|Houston Astros|Houston Astros|Los Angeles Dodgers|Los Angeles Dodgers,1993|1994|1995|1996|1996|1997|1998|1999|2000|2001|2002|2003|2004|2005|2006|2007|2008|2009|2010
518,St. Louis Cardinals|St. Louis Cardinals,1965|1966
519,Elizabeth Resolutes,1873
520,Kansas City Royals|Kansas City Royals|Cincinnati Reds,2001|2002|2003
521,Milwaukee Brewers|Milwaukee Brewers|Milwaukee Brewers,1991|1992|1993
522,New York Highlanders|New York Highlanders|St. Louis Browns|St. Louis Browns|St. Louis Browns|St. Louis Browns|St. Louis Browns|St. Louis Browns|St. Louis Browns|St. Louis Browns|St. Louis Browns|St. Louis Browns|St. Louis Browns|St. Louis Browns|St. Louis Browns|St. Louis Browns|St. Louis Browns|St. Louis Browns,1909|1910|1911|1912|1913|1914|1915|1916|1917|1918|1919|1920|1921|1922|1923|1925|1926|1929
523,Cleveland Indians|Cleveland Indians|Milwaukee Brewers|Milwaukee Brewers,1970|1971|1975|1976
524,Atlanta Braves,1976
525,Cincinnati Reds|Cincinnati Reds|Boston Doves,1907|1909|1909
526,New York Yankees|Cleveland Indians|Cleveland Indians|Cleveland Indians|Chicago White Sox|Chicago White Sox,1924|1926|1927|1928|1929|1930
527,Cleveland Indians|Florida Marlins|Pittsburgh Pirates|Los Angeles Dodgers|Los Angeles Dodgers|Cleveland Indians,1997|1999|2000|2000|2001|2002
528,Cleveland Indians|Cleveland Indians|Cleveland Indians|Cleveland Indians|Cleveland Indians|Cleveland Indians|Cleveland Indians|Cleveland Indians|Cleveland Indians|Cleveland Indians|Cleveland Indians|Detroit Tigers|Detroit Tigers|Boston Braves,1929|1930|1931|1932|1933|1934|1935|1936|1937|1938|1939|1939|1940|1941
529,Cleveland Indians|Cleveland Indians|Chicago Cubs|Chicago Cubs|Chicago White Sox|Los Angeles Angels|Los Angeles Angels|Philadelphia Phillies,1956|1958|1959|1960|1960|1961|1962|1963
530,Atlanta Braves|Atlanta Braves|Atlanta Braves|Atlanta Braves|Atlanta Braves|Atlanta Braves|Atlanta Braves|Boston Red Sox|Boston Red Sox|Cincinnati Reds|Detroit Tigers,1990|1991|1992|1993|1994|1995|1996|1997|1998|1999|2003
531,Baltimore Orioles,2012
532,Detroit Tigers|Detroit Tigers|Detroit Tigers|Detroit Tigers|Detroit Tigers|Detroit Tigers|Detroit Tigers,2009|2010|2011|2012|2013|2014|2015
533,Cleveland Indians|Cleveland Indians|Cleveland Indians|Cleveland Indians|Cleveland Indians|Cleveland Indians|Cleveland Indians|Cleveland Indians|Cleveland Indians|Cleveland Indians|Baltimore Orioles|Boston Red Sox|Milwaukee Braves,1949|1950|1951|1952|1953|1954|1955|1956|1957|1958|1959|1959|1959
534,Atlanta Braves|Atlanta Braves|Atlanta Braves|Atlanta Braves|Los Angeles Dodgers,2012|2013|2014|2015|2015
535,Kansas City Royals|Kansas City Royals|Kansas City Royals|Kansas City Royals|Boston Red Sox|Boston Red Sox|Cleveland Indians|Cleveland Indians|Cleveland Indians,2008|2009|2010|2011|2011|2012|2013|2014|2015
536,Boston Red Sox|Philadelphia Phillies|Philadelphia Phillies|Philadelphia Phillies,1977|1979|1980|1981
537,Cincinnati Reds,1950
538,Chicago White Sox|Chicago White Sox|Chicago White Sox|Cincinnati Reds|Cincinnati Reds,2011|2012|2013|2014|2015
539,Milwaukee Brewers|Milwaukee Brewers|Milwaukee Brewers|Milwaukee Brewers|Milwaukee Brewers|St. Louis Cardinals|Cleveland Indians|Pittsburgh Pirates|Colorado Rockies,2009|2010|2011|2012|2013|2013|2014|2014|2015
540,New York Mets|New York Mets|St. Louis Cardinals|Baltimore Orioles|Baltimore Orioles|Baltimore Orioles|Baltimore Orioles|Baltimore Orioles|Baltimore Orioles|Cleveland Indians,1974|1976|1977|1979|1980|1981|1982|1983|1984|1985
541,Cincinnati Reds|Cincinnati Reds|Seattle Mariners|Seattle Mariners|Seattle Mariners|Seattle Mariners|Seattle Mariners|Montreal Expos|Chicago Cubs,1992|1993|1994|1995|1996|1997|1998|1999|1999
542,Montreal Expos|Montreal Expos|Washington Nationals|Washington Nationals|Washington Nationals|New York Mets|Minnesota Twins|Florida Marlins|New York Yankees|Baltimore Orioles|Baltimore Orioles|Atlanta Braves,2003|2004|2005|2007|2008|2008|2009|2009|2011|2012|2013|2013
543,Los Angeles Angels of Anaheim|Los Angeles Angels of Anaheim|Los Angeles Angels of Anaheim|Los Angeles Angels of Anaheim|Los Angeles Angels of Anaheim|Los Angeles Angels of Anaheim|Los Angeles Angels of Anaheim|Los Angeles Angels of Anaheim|Los Angeles Angels of Anaheim|Los Angeles Angels of Anaheim,2006|2007|2008|2009|2010|2011|2012|2013|2014|2015
544,St. Louis Cardinals|St. Louis Cardinals|St. Louis Cardinals|Colorado Rockies|Cincinnati Reds|Florida Marlins|Chicago Cubs|San Francisco Giants|San Francisco Giants|New York Mets,1997|1998|1999|2000|2000|2000|2001|2002|2003|2005
545,Los Angeles Dodgers|Los Angeles Dodgers|Atlanta Braves|Tampa Bay Rays|Tampa Bay Rays|Tampa Bay Rays,2005|2006|2006|2008|2009|2010
546,Indianapolis Hoosiers|Philadelphia Athletics,1884|1886
547,New York Giants,1947
548,Washington Senators|Washington Senators|Washington Senators|Washington Senators|Washington Senators|Washington Senators|Washington Senators|Detroit Tigers|Detroit Tigers|Detroit Tigers,1913|1914|1915|1916|1917|1918|1919|1919|1920|1921
549,Cleveland Indians,1953
550,Philadelphia Phillies|Philadelphia Phillies|Seattle Mariners,1992|1993|1993
551,Atlanta Braves,1996
552,Cincinnati Reds|Kansas City Athletics|Kansas City Athletics|Cleveland Indians|Cleveland Indians|Cleveland Indians|Cleveland Indians|Cleveland Indians|Cleveland Indians|Cleveland Indians|Boston Red Sox|California Angels|California Angels|California Angels|Milwaukee Brewers,1960|1962|1963|1963|1964|1965|1966|1967|1968|1969|1969|1969|1970|1972|1972
553,New York Yankees|San Diego Padres|San Diego Padres,1990|1991|1992
